,Sample,Allele_frequency,Super_population,Group
0,HG00096,0.056561,EUR,High
1,HG00097,0.085219,EUR,High
2,HG00099,0.099548,EUR,High
3,HG00100,0.061840,EUR,High
4,HG00101,0.081448,EUR,High
5,HG00102,0.093514,EUR,High
6,HG00103,0.083710,EUR,High
7,HG00104,0.097285,EUR,High
8,HG00106,0.053544,EUR,High
9,HG00108,0.094268,EUR,High
10,HG00109,0.088989,EUR,High
11,HG00110,0.108597,EUR,High
12,HG00111,0.074661,EUR,High
13,HG00112,0.105581,EUR,High
14,HG00113,0.085219,EUR,High
15,HG00114,0.066365,EUR,High
16,HG00116,0.106335,EUR,High
17,HG00117,0.062594,EUR,High
18,HG00118,0.076169,EUR,High
19,HG00119,0.052036,EUR,High
20,HG00120,0.069382,EUR,High
21,HG00121,0.106335,EUR,High
22,HG00122,0.068627,EUR,High
23,HG00123,0.107843,EUR,High
24,HG00124,0.078431,EUR,High
25,HG00125,0.052790,EUR,High
26,HG00126,0.092006,EUR,High
27,HG00127,0.110106,EUR,High
28,HG00128,0.079940,EUR,High
29,HG00129,0.059578,EUR,High
30,HG00130,0.109351,EUR,High
31,HG00131,0.082202,EUR,High
32,HG00133,0.051282,EUR,High
33,HG00134,0.083710,EUR,High
34,HG00135,0.069382,EUR,High
35,HG00136,0.064103,EUR,High
36,HG00137,0.078431,EUR,High
37,HG00138,0.072398,EUR,High
38,HG00139,0.088235,EUR,High
39,HG00140,0.065611,EUR,High
40,HG00141,0.093514,EUR,High
41,HG00142,0.079940,EUR,High
42,HG00143,0.012066,EUR,High
43,HG00146,0.059578,EUR,High
44,HG00148,0.079940,EUR,High
45,HG00149,0.085973,EUR,High
46,HG00150,0.095023,EUR,High
47,HG00151,0.100302,EUR,High
48,HG00152,0.084465,EUR,High
49,HG00154,0.085219,EUR,High
50,HG00155,0.057315,EUR,High
51,HG00156,0.067873,EUR,High
52,HG00158,0.107843,EUR,High
53,HG00159,0.079940,EUR,High
54,HG00160,0.036199,EUR,High
55,HG00171,0.073906,EUR,High
56,HG00173,0.085219,EUR,High
57,HG00174,0.101056,EUR,High
58,HG00176,0.054299,EUR,High
59,HG00177,0.075415,EUR,High
60,HG00178,0.098039,EUR,High
61,HG00179,0.030166,EUR,High
62,HG00180,0.073152,EUR,High
63,HG00182,0.100302,EUR,High
64,HG00183,0.034691,EUR,High
65,HG00185,0.079186,EUR,High
66,HG00186,0.103318,EUR,High
67,HG00187,0.092760,EUR,High
68,HG00188,0.070136,EUR,High
69,HG00189,0.079186,EUR,High
70,HG00190,0.109351,EUR,High
71,HG00231,0.084465,EUR,High
72,HG00232,0.063348,EUR,High
73,HG00233,0.095777,EUR,High
74,HG00234,0.062594,EUR,High
75,HG00235,0.036199,EUR,High
76,HG00236,0.113122,EUR,High
77,HG00237,0.085973,EUR,High
78,HG00238,0.052036,EUR,High
79,HG00239,0.085219,EUR,High
80,HG00240,0.066365,EUR,High
81,HG00242,0.081448,EUR,High
82,HG00243,0.079186,EUR,High
83,HG00244,0.110106,EUR,High
84,HG00245,0.062594,EUR,High
85,HG00246,0.094268,EUR,High
86,HG00247,0.068627,EUR,High
87,HG00249,0.049020,EUR,High
88,HG00250,0.034691,EUR,High
89,HG00251,0.089744,EUR,High
90,HG00252,0.092006,EUR,High
91,HG00253,0.048265,EUR,High
92,HG00254,0.083710,EUR,High
93,HG00255,0.056561,EUR,High
94,HG00256,0.053544,EUR,High
95,HG00257,0.098793,EUR,High
96,HG00258,0.103318,EUR,High
97,HG00259,0.087481,EUR,High
98,HG00260,0.091252,EUR,High
99,HG00261,0.064857,EUR,High
100,HG00262,0.055807,EUR,High
101,HG00263,0.073906,EUR,High
102,HG00264,0.109351,EUR,High
103,HG00265,0.064857,EUR,High
104,HG00266,0.088989,EUR,High
105,HG00267,0.074661,EUR,High
106,HG00268,0.041478,EUR,High
107,HG00269,0.045249,EUR,High
108,HG00270,0.088989,EUR,High
109,HG00271,0.068627,EUR,High
110,HG00272,0.040724,EUR,High
111,HG00273,0.049020,EUR,High
112,HG00274,0.088235,EUR,High
113,HG00275,0.101056,EUR,High
114,HG00276,0.104072,EUR,High
115,HG00277,0.092760,EUR,High
116,HG00278,0.083710,EUR,High
117,HG00280,0.117647,EUR,High
118,HG00281,0.039216,EUR,High
119,HG00282,0.033937,EUR,High
120,HG00284,0.081448,EUR,High
121,HG00285,0.084465,EUR,High
122,HG00306,0.083710,EUR,High
123,HG00309,0.109351,EUR,High
124,HG00310,0.089744,EUR,High
125,HG00311,0.057315,EUR,High
126,HG00312,0.093514,EUR,High
127,HG00313,0.099548,EUR,High
128,HG00315,0.101810,EUR,High
129,HG00318,0.073152,EUR,High
130,HG00319,0.033183,EUR,High
131,HG00320,0.057315,EUR,High
132,HG00321,0.060332,EUR,High
133,HG00323,0.055807,EUR,High
134,HG00324,0.074661,EUR,High
135,HG00325,0.094268,EUR,High
136,HG00326,0.061840,EUR,High
137,HG00327,0.083710,EUR,High
138,HG00328,0.055053,EUR,High
139,HG00329,0.036953,EUR,High
140,HG00330,0.100302,EUR,High
141,HG00331,0.065611,EUR,High
142,HG00332,0.027903,EUR,High
143,HG00334,0.034691,EUR,High
144,HG00335,0.054299,EUR,High
145,HG00336,0.070136,EUR,High
146,HG00337,0.085219,EUR,High
147,HG00338,0.057315,EUR,High
148,HG00339,0.082202,EUR,High
149,HG00341,0.047511,EUR,High
150,HG00342,0.062594,EUR,High
151,HG00343,0.058069,EUR,High
152,HG00344,0.028658,EUR,High
153,HG00345,0.095777,EUR,High
154,HG00346,0.097285,EUR,High
155,HG00349,0.044495,EUR,High
156,HG00350,0.060332,EUR,High
157,HG00351,0.064857,EUR,High
158,HG00353,0.078431,EUR,High
159,HG00355,0.102564,EUR,High
160,HG00356,0.083710,EUR,High
161,HG00357,0.076169,EUR,High
162,HG00358,0.062594,EUR,High
163,HG00359,0.100302,EUR,High
164,HG00360,0.072398,EUR,High
165,HG00361,0.061840,EUR,High
166,HG00362,0.104827,EUR,High
167,HG00364,0.079186,EUR,High
168,HG00366,0.074661,EUR,High
169,HG00367,0.047511,EUR,High
170,HG00369,0.106335,EUR,High
171,HG00372,0.074661,EUR,High
172,HG00373,0.088989,EUR,High
173,HG00375,0.070136,EUR,High
174,HG00376,0.071644,EUR,High
175,HG00377,0.088989,EUR,High
176,HG00378,0.024887,EUR,High
177,HG00381,0.079940,EUR,High
178,HG00382,0.087481,EUR,High
179,HG00383,0.092760,EUR,High
180,HG00384,0.068627,EUR,High
181,HG00403,0.044495,ASN,Low
182,HG00404,0.102564,ASN,Low
183,HG00406,0.083710,ASN,Low
184,HG00407,0.102564,ASN,Low
185,HG00418,0.067119,ASN,Low
186,HG00419,0.095777,ASN,Low
187,HG00421,0.098039,ASN,Low
188,HG00422,0.103318,ASN,Low
189,HG00427,0.079940,ASN,Low
190,HG00428,0.092760,ASN,Low
191,HG00436,0.014329,ASN,Low
192,HG00437,0.085219,ASN,Low
193,HG00442,0.068627,ASN,Low
194,HG00443,0.095023,ASN,Low
195,HG00445,0.075415,ASN,Low
196,HG00446,0.055053,ASN,Low
197,HG00448,0.096531,ASN,Low
198,HG00449,0.053544,ASN,Low
199,HG00451,0.101810,ASN,Low
200,HG00452,0.061086,ASN,Low
201,HG00457,0.043741,ASN,Low
202,HG00458,0.060332,ASN,Low
203,HG00463,0.101056,ASN,Low
204,HG00464,0.043741,ASN,Low
205,HG00472,0.063348,ASN,Low
206,HG00473,0.081448,ASN,Low
207,HG00475,0.040724,ASN,Low
208,HG00476,0.104827,ASN,Low
209,HG00478,0.077677,ASN,Low
210,HG00479,0.040724,ASN,Low
211,HG00500,0.114630,ASN,Low
212,HG00501,0.057315,ASN,Low
213,HG00512,0.067119,ASN,Low
214,HG00513,0.080694,ASN,Low
215,HG00524,0.087481,ASN,Low
216,HG00525,0.052790,ASN,Low
217,HG00530,0.062594,ASN,Low
218,HG00531,0.042986,ASN,Low
219,HG00533,0.066365,ASN,Low
220,HG00534,0.073152,ASN,Low
221,HG00536,0.011312,ASN,Low
222,HG00537,0.012821,ASN,Low
223,HG00542,0.052790,ASN,Low
224,HG00543,0.088989,ASN,Low
225,HG00553,0.085219,AMR,High
226,HG00554,0.027149,AMR,High
227,HG00556,0.073152,ASN,Low
228,HG00557,0.103318,ASN,Low
229,HG00559,0.076169,ASN,Low
230,HG00560,0.074661,ASN,Low
231,HG00565,0.062594,ASN,Low
232,HG00566,0.025641,ASN,Low
233,HG00577,0.015083,ASN,Low
234,HG00578,0.062594,ASN,Low
235,HG00580,0.061840,ASN,Low
236,HG00581,0.063348,ASN,Low
237,HG00583,0.063348,ASN,Low
238,HG00584,0.064103,ASN,Low
239,HG00589,0.062594,ASN,Low
240,HG00590,0.080694,ASN,Low
241,HG00592,0.074661,ASN,Low
242,HG00593,0.060332,ASN,Low
243,HG00595,0.068627,ASN,Low
244,HG00596,0.098039,ASN,Low
245,HG00607,0.111614,ASN,Low
246,HG00608,0.085219,ASN,Low
247,HG00610,0.057315,ASN,Low
248,HG00611,0.104827,ASN,Low
249,HG00613,0.063348,ASN,Low
250,HG00614,0.057315,ASN,Low
251,HG00619,0.067873,ASN,Low
252,HG00620,0.038462,ASN,Low
253,HG00625,0.083710,ASN,Low
254,HG00626,0.089744,ASN,Low
255,HG00628,0.085973,ASN,Low
256,HG00629,0.052036,ASN,Low
257,HG00634,0.028658,ASN,Low
258,HG00635,0.055053,ASN,Low
259,HG00637,0.083710,AMR,High
260,HG00638,0.065611,AMR,High
261,HG00640,0.055807,AMR,High
262,HG00641,0.110860,AMR,High
263,HG00650,0.091252,ASN,Low
264,HG00651,0.053544,ASN,Low
265,HG00653,0.110106,ASN,Low
266,HG00654,0.074661,ASN,Low
267,HG00656,0.024887,ASN,Low
268,HG00657,0.081448,ASN,Low
269,HG00662,0.071644,ASN,Low
270,HG00663,0.092006,ASN,Low
271,HG00671,0.098039,ASN,Low
272,HG00672,0.055053,ASN,Low
273,HG00683,0.067119,ASN,Low
274,HG00684,0.076923,ASN,Low
275,HG00689,0.065611,ASN,Low
276,HG00690,0.076169,ASN,Low
277,HG00692,0.055807,ASN,Low
278,HG00693,0.055053,ASN,Low
279,HG00698,0.075415,ASN,Low
280,HG00699,0.039216,ASN,Low
281,HG00701,0.061840,ASN,Low
282,HG00702,0.052036,ASN,Low
283,HG00704,0.099548,ASN,Low
284,HG00705,0.061086,ASN,Low
285,HG00707,0.109351,ASN,Low
286,HG00708,0.052790,ASN,Low
287,HG00731,0.035445,AMR,High
288,HG00732,0.085973,AMR,High
289,HG00734,0.082202,AMR,High
290,HG00736,0.104827,AMR,High
291,HG00737,0.085219,AMR,High
292,HG00740,0.067119,AMR,High
293,HG01047,0.066365,AMR,High
294,HG01048,0.060332,AMR,High
295,HG01051,0.088989,AMR,High
296,HG01052,0.098039,AMR,High
297,HG01055,0.065611,AMR,High
298,HG01060,0.042986,AMR,High
299,HG01061,0.067873,AMR,High
300,HG01066,0.103318,AMR,High
301,HG01067,0.030920,AMR,High
302,HG01069,0.034691,AMR,High
303,HG01070,0.079940,AMR,High
304,HG01072,0.039216,AMR,High
305,HG01073,0.057315,AMR,High
306,HG01075,0.080694,AMR,High
307,HG01079,0.079940,AMR,High
308,HG01080,0.065611,AMR,High
309,HG01082,0.082956,AMR,High
310,HG01083,0.036953,AMR,High
311,HG01085,0.049020,AMR,High
312,HG01095,0.089744,AMR,High
313,HG01097,0.055807,AMR,High
314,HG01098,0.068627,AMR,High
315,HG01101,0.078431,AMR,High
316,HG01102,0.037707,AMR,High
317,HG01104,0.015837,AMR,High
318,HG01105,0.067119,AMR,High
319,HG01107,0.041478,AMR,High
320,HG01108,0.017345,AMR,High
321,HG01112,0.064103,AMR,High
322,HG01113,0.062594,AMR,High
323,HG01124,0.080694,AMR,High
324,HG01125,0.056561,AMR,High
325,HG01133,0.039970,AMR,High
326,HG01134,0.042986,AMR,High
327,HG01136,0.079186,AMR,High
328,HG01137,0.033937,AMR,High
329,HG01140,0.033183,AMR,High
330,HG01148,0.065611,AMR,High
331,HG01149,0.046757,AMR,High
332,HG01167,0.056561,AMR,High
333,HG01168,0.066365,AMR,High
334,HG01170,0.052036,AMR,High
335,HG01171,0.074661,AMR,High
336,HG01173,0.051282,AMR,High
337,HG01174,0.067119,AMR,High
338,HG01176,0.099548,AMR,High
339,HG01183,0.043741,AMR,High
340,HG01187,0.024887,AMR,High
341,HG01188,0.073152,AMR,High
342,HG01190,0.062594,AMR,High
343,HG01191,0.025641,AMR,High
344,HG01197,0.084465,AMR,High
345,HG01198,0.091252,AMR,High
346,HG01204,0.084465,AMR,High
347,HG01250,0.096531,AMR,High
348,HG01251,0.042232,AMR,High
349,HG01257,0.078431,AMR,High
350,HG01259,0.102564,AMR,High
351,HG01271,0.084465,AMR,High
352,HG01272,0.015837,AMR,High
353,HG01274,0.107089,AMR,High
354,HG01275,0.119910,AMR,High
355,HG01277,0.068627,AMR,High
356,HG01278,0.107089,AMR,High
357,HG01334,0.047511,EUR,High
358,HG01342,0.065611,AMR,High
359,HG01344,0.035445,AMR,High
360,HG01345,0.079186,AMR,High
361,HG01350,0.015837,AMR,High
362,HG01351,0.030166,AMR,High
363,HG01353,0.104072,AMR,High
364,HG01354,0.064857,AMR,High
365,HG01356,0.078431,AMR,High
366,HG01357,0.096531,AMR,High
367,HG01359,0.061086,AMR,High
368,HG01360,0.083710,AMR,High
369,HG01365,0.074661,AMR,High
370,HG01366,0.099548,AMR,High
371,HG01374,0.062594,AMR,High
372,HG01375,0.035445,AMR,High
373,HG01377,0.024133,AMR,High
374,HG01378,0.037707,AMR,High
375,HG01383,0.042986,AMR,High
376,HG01384,0.094268,AMR,High
377,HG01389,0.045249,AMR,High
378,HG01390,0.078431,AMR,High
379,HG01437,0.116139,AMR,High
380,HG01440,0.033937,AMR,High
381,HG01441,0.056561,AMR,High
382,HG01455,0.085973,AMR,High
383,HG01456,0.065611,AMR,High
384,HG01461,0.065611,AMR,High
385,HG01462,0.040724,AMR,High
386,HG01465,0.073152,AMR,High
387,HG01488,0.060332,AMR,High
388,HG01489,0.059578,AMR,High
389,HG01491,0.087481,AMR,High
390,HG01492,0.036953,AMR,High
391,HG01494,0.067873,AMR,High
392,HG01495,0.044495,AMR,High
393,HG01497,0.096531,AMR,High
394,HG01498,0.079940,AMR,High
395,HG01515,0.080694,EUR,High
396,HG01516,0.048265,EUR,High
397,HG01518,0.068627,EUR,High
398,HG01519,0.109351,EUR,High
399,HG01521,0.104072,EUR,High
400,HG01522,0.086727,EUR,High
401,HG01550,0.086727,AMR,High
402,HG01551,0.061086,AMR,High
403,HG01617,0.101810,EUR,High
404,HG01618,0.069382,EUR,High
405,HG01619,0.053544,EUR,High
406,HG01620,0.090498,EUR,High
407,HG01623,0.089744,EUR,High
408,HG01624,0.085973,EUR,High
409,HG01625,0.079940,EUR,High
410,HG01626,0.107843,EUR,High
411,NA06984,0.111614,EUR,High
412,NA06986,0.057315,EUR,High
413,NA06989,0.110860,EUR,High
414,NA06994,0.052790,EUR,High
415,NA07000,0.082956,EUR,High
416,NA07037,0.056561,EUR,High
417,NA07048,0.081448,EUR,High
418,NA07051,0.091252,EUR,High
419,NA07056,0.041478,EUR,High
420,NA07347,0.100302,EUR,High
421,NA07357,0.108597,EUR,High
422,NA10847,0.048265,EUR,High
423,NA10851,0.088235,EUR,High
424,NA11829,0.072398,EUR,High
425,NA11830,0.082202,EUR,High
426,NA11831,0.057315,EUR,High
427,NA11843,0.100302,EUR,High
428,NA11892,0.093514,EUR,High
429,NA11893,0.053544,EUR,High
430,NA11894,0.070136,EUR,High
431,NA11919,0.085219,EUR,High
432,NA11920,0.091252,EUR,High
433,NA11930,0.072398,EUR,High
434,NA11931,0.104072,EUR,High
435,NA11932,0.061840,EUR,High
436,NA11933,0.049020,EUR,High
437,NA11992,0.072398,EUR,High
438,NA11993,0.108597,EUR,High
439,NA11994,0.078431,EUR,High
440,NA11995,0.079186,EUR,High
441,NA12003,0.109351,EUR,High
442,NA12004,0.076169,EUR,High
443,NA12006,0.091252,EUR,High
444,NA12043,0.039970,EUR,High
445,NA12044,0.081448,EUR,High
446,NA12045,0.042986,EUR,High
447,NA12046,0.050528,EUR,High
448,NA12058,0.095777,EUR,High
449,NA12144,0.099548,EUR,High
450,NA12154,0.073152,EUR,High
451,NA12155,0.062594,EUR,High
452,NA12249,0.058069,EUR,High
453,NA12272,0.093514,EUR,High
454,NA12273,0.056561,EUR,High
455,NA12275,0.064857,EUR,High
456,NA12282,0.041478,EUR,High
457,NA12283,0.097285,EUR,High
458,NA12286,0.065611,EUR,High
459,NA12287,0.036953,EUR,High
460,NA12340,0.039216,EUR,High
461,NA12341,0.088989,EUR,High
462,NA12342,0.092760,EUR,High
463,NA12347,0.061840,EUR,High
464,NA12348,0.070136,EUR,High
465,NA12383,0.036953,EUR,High
466,NA12399,0.055807,EUR,High
467,NA12400,0.056561,EUR,High
468,NA12413,0.084465,EUR,High
469,NA12489,0.085219,EUR,High
470,NA12546,0.072398,EUR,High
471,NA12716,0.099548,EUR,High
472,NA12717,0.079186,EUR,High
473,NA12718,0.105581,EUR,High
474,NA12748,0.104827,EUR,High
475,NA12749,0.073152,EUR,High
476,NA12750,0.069382,EUR,High
477,NA12751,0.088235,EUR,High
478,NA12761,0.088989,EUR,High
479,NA12763,0.106335,EUR,High
480,NA12775,0.064103,EUR,High
481,NA12777,0.082202,EUR,High
482,NA12778,0.071644,EUR,High
483,NA12812,0.098793,EUR,High
484,NA12814,0.083710,EUR,High
485,NA12815,0.084465,EUR,High
486,NA12827,0.079186,EUR,High
487,NA12829,0.046757,EUR,High
488,NA12830,0.071644,EUR,High
489,NA12842,0.070890,EUR,High
490,NA12843,0.098039,EUR,High
491,NA12872,0.090498,EUR,High
492,NA12873,0.064857,EUR,High
493,NA12874,0.093514,EUR,High
494,NA12889,0.075415,EUR,High
495,NA12890,0.081448,EUR,High
496,NA18486,0.076923,AFR,Low
497,NA18487,0.036953,AFR,Low
498,NA18489,0.072398,AFR,Low
499,NA18498,0.087481,AFR,Low
500,NA18499,0.052790,AFR,Low
501,NA18501,0.032428,AFR,Low
502,NA18502,0.086727,AFR,Low
503,NA18504,0.060332,AFR,Low
504,NA18505,0.074661,AFR,Low
505,NA18507,0.035445,AFR,Low
506,NA18508,0.050528,AFR,Low
507,NA18510,0.049020,AFR,Low
508,NA18511,0.062594,AFR,Low
509,NA18516,0.051282,AFR,Low
510,NA18517,0.070136,AFR,Low
511,NA18519,0.067119,AFR,Low
512,NA18520,0.073152,AFR,Low
513,NA18522,0.049020,AFR,Low
514,NA18523,0.052036,AFR,Low
515,NA18525,0.021870,ASN,Low
516,NA18526,0.036953,ASN,Low
517,NA18527,0.102564,ASN,Low
518,NA18528,0.085973,ASN,Low
519,NA18530,0.058069,ASN,Low
520,NA18532,0.058824,ASN,Low
521,NA18534,0.083710,ASN,Low
522,NA18535,0.085973,ASN,Low
523,NA18536,0.099548,ASN,Low
524,NA18537,0.096531,ASN,Low
525,NA18538,0.052790,ASN,Low
526,NA18539,0.060332,ASN,Low
527,NA18541,0.087481,ASN,Low
528,NA18542,0.037707,ASN,Low
529,NA18543,0.092760,ASN,Low
530,NA18544,0.091252,ASN,Low
531,NA18545,0.113122,ASN,Low
532,NA18546,0.058824,ASN,Low
533,NA18547,0.014329,ASN,Low
534,NA18548,0.083710,ASN,Low
535,NA18549,0.077677,ASN,Low
536,NA18550,0.015837,ASN,Low
537,NA18552,0.043741,ASN,Low
538,NA18553,0.053544,ASN,Low
539,NA18555,0.109351,ASN,Low
540,NA18557,0.088989,ASN,Low
541,NA18558,0.070890,ASN,Low
542,NA18559,0.055807,ASN,Low
543,NA18560,0.091252,ASN,Low
544,NA18561,0.100302,ASN,Low
545,NA18562,0.062594,ASN,Low
546,NA18563,0.015083,ASN,Low
547,NA18564,0.090498,ASN,Low
548,NA18565,0.057315,ASN,Low
549,NA18566,0.090498,ASN,Low
550,NA18567,0.085973,ASN,Low
551,NA18570,0.100302,ASN,Low
552,NA18571,0.104827,ASN,Low
553,NA18572,0.053544,ASN,Low
554,NA18573,0.061840,ASN,Low
555,NA18574,0.085973,ASN,Low
556,NA18576,0.062594,ASN,Low
557,NA18577,0.052036,ASN,Low
558,NA18579,0.098039,ASN,Low
559,NA18582,0.081448,ASN,Low
560,NA18592,0.077677,ASN,Low
561,NA18593,0.078431,ASN,Low
562,NA18595,0.100302,ASN,Low
563,NA18596,0.081448,ASN,Low
564,NA18597,0.049020,ASN,Low
565,NA18599,0.053544,ASN,Low
566,NA18602,0.037707,ASN,Low
567,NA18603,0.024887,ASN,Low
568,NA18605,0.061086,ASN,Low
569,NA18606,0.107843,ASN,Low
570,NA18608,0.013575,ASN,Low
571,NA18609,0.058069,ASN,Low
572,NA18610,0.060332,ASN,Low
573,NA18611,0.101810,ASN,Low
574,NA18612,0.070890,ASN,Low
575,NA18613,0.029412,ASN,Low
576,NA18614,0.034691,ASN,Low
577,NA18615,0.099548,ASN,Low
578,NA18616,0.104827,ASN,Low
579,NA18617,0.063348,ASN,Low
580,NA18618,0.061840,ASN,Low
581,NA18619,0.111614,ASN,Low
582,NA18620,0.059578,ASN,Low
583,NA18621,0.060332,ASN,Low
584,NA18622,0.067119,ASN,Low
585,NA18623,0.041478,ASN,Low
586,NA18624,0.060332,ASN,Low
587,NA18626,0.075415,ASN,Low
588,NA18627,0.044495,ASN,Low
589,NA18628,0.089744,ASN,Low
590,NA18630,0.036199,ASN,Low
591,NA18631,0.058069,ASN,Low
592,NA18632,0.033937,ASN,Low
593,NA18633,0.070136,ASN,Low
594,NA18634,0.035445,ASN,Low
595,NA18635,0.059578,ASN,Low
596,NA18636,0.093514,ASN,Low
597,NA18637,0.094268,ASN,Low
598,NA18638,0.078431,ASN,Low
599,NA18639,0.086727,ASN,Low
600,NA18640,0.020362,ASN,Low
601,NA18641,0.041478,ASN,Low
602,NA18642,0.107089,ASN,Low
603,NA18643,0.068627,ASN,Low
604,NA18645,0.054299,ASN,Low
605,NA18647,0.088235,ASN,Low
606,NA18740,0.089744,ASN,Low
607,NA18745,0.086727,ASN,Low
608,NA18747,0.052036,ASN,Low
609,NA18748,0.039216,ASN,Low
610,NA18749,0.079940,ASN,Low
611,NA18757,0.049020,ASN,Low
612,NA18853,0.061840,AFR,Low
613,NA18856,0.080694,AFR,Low
614,NA18858,0.080694,AFR,Low
615,NA18861,0.051282,AFR,Low
616,NA18867,0.085219,AFR,Low
617,NA18868,0.067119,AFR,Low
618,NA18870,0.061086,AFR,Low
619,NA18871,0.061840,AFR,Low
620,NA18873,0.061840,AFR,Low
621,NA18874,0.066365,AFR,Low
622,NA18907,0.091252,AFR,Low
623,NA18908,0.042986,AFR,Low
624,NA18909,0.059578,AFR,Low
625,NA18910,0.067119,AFR,Low
626,NA18912,0.086727,AFR,Low
627,NA18916,0.027149,AFR,Low
628,NA18917,0.047511,AFR,Low
629,NA18923,0.026395,AFR,Low
630,NA18924,0.079940,AFR,Low
631,NA18933,0.082956,AFR,Low
632,NA18934,0.067873,AFR,Low
633,NA18939,0.044495,ASN,Low
634,NA18940,0.049020,ASN,Low
635,NA18941,0.089744,ASN,Low
636,NA18942,0.094268,ASN,Low
637,NA18943,0.057315,ASN,Low
638,NA18944,0.046757,ASN,Low
639,NA18945,0.061840,ASN,Low
640,NA18946,0.014329,ASN,Low
641,NA18947,0.052790,ASN,Low
642,NA18948,0.044495,ASN,Low
643,NA18949,0.092006,ASN,Low
644,NA18950,0.062594,ASN,Low
645,NA18951,0.101810,ASN,Low
646,NA18952,0.091252,ASN,Low
647,NA18953,0.070890,ASN,Low
648,NA18954,0.093514,ASN,Low
649,NA18956,0.094268,ASN,Low
650,NA18957,0.092760,ASN,Low
651,NA18959,0.112368,ASN,Low
652,NA18960,0.094268,ASN,Low
653,NA18961,0.102564,ASN,Low
654,NA18962,0.088235,ASN,Low
655,NA18963,0.093514,ASN,Low
656,NA18964,0.087481,ASN,Low
657,NA18965,0.082202,ASN,Low
658,NA18966,0.113122,ASN,Low
659,NA18968,0.086727,ASN,Low
660,NA18971,0.074661,ASN,Low
661,NA18973,0.093514,ASN,Low
662,NA18974,0.068627,ASN,Low
663,NA18975,0.081448,ASN,Low
664,NA18976,0.098039,ASN,Low
665,NA18977,0.070136,ASN,Low
666,NA18978,0.110860,ASN,Low
667,NA18980,0.052790,ASN,Low
668,NA18981,0.012821,ASN,Low
669,NA18982,0.101056,ASN,Low
670,NA18983,0.056561,ASN,Low
671,NA18984,0.108597,ASN,Low
672,NA18985,0.012821,ASN,Low
673,NA18986,0.062594,ASN,Low
674,NA18987,0.113876,ASN,Low
675,NA18988,0.088235,ASN,Low
676,NA18989,0.107843,ASN,Low
677,NA18990,0.054299,ASN,Low
678,NA18992,0.100302,ASN,Low
679,NA18994,0.080694,ASN,Low
680,NA18995,0.097285,ASN,Low
681,NA18998,0.014329,ASN,Low
682,NA18999,0.105581,ASN,Low
683,NA19000,0.080694,ASN,Low
684,NA19002,0.092006,ASN,Low
685,NA19003,0.075415,ASN,Low
686,NA19004,0.032428,ASN,Low
687,NA19005,0.111614,ASN,Low
688,NA19007,0.052790,ASN,Low
689,NA19009,0.059578,ASN,Low
690,NA19010,0.109351,ASN,Low
691,NA19012,0.027903,ASN,Low
692,NA19020,0.039216,AFR,Low
693,NA19028,0.067119,AFR,Low
694,NA19035,0.070136,AFR,Low
695,NA19036,0.056561,AFR,Low
696,NA19038,0.096531,AFR,Low
697,NA19041,0.059578,AFR,Low
698,NA19044,0.071644,AFR,Low
699,NA19046,0.064103,AFR,Low
700,NA19054,0.036199,ASN,Low
701,NA19055,0.067119,ASN,Low
702,NA19056,0.090498,ASN,Low
703,NA19057,0.099548,ASN,Low
704,NA19058,0.061840,ASN,Low
705,NA19059,0.094268,ASN,Low
706,NA19060,0.063348,ASN,Low
707,NA19062,0.113876,ASN,Low
708,NA19063,0.073152,ASN,Low
709,NA19064,0.012821,ASN,Low
710,NA19065,0.035445,ASN,Low
711,NA19066,0.062594,ASN,Low
712,NA19067,0.066365,ASN,Low
713,NA19068,0.060332,ASN,Low
714,NA19070,0.084465,ASN,Low
715,NA19072,0.110860,ASN,Low
716,NA19074,0.027903,ASN,Low
717,NA19075,0.054299,ASN,Low
718,NA19076,0.021116,ASN,Low
719,NA19077,0.062594,ASN,Low
720,NA19078,0.092006,ASN,Low
721,NA19079,0.093514,ASN,Low
722,NA19080,0.093514,ASN,Low
723,NA19081,0.089744,ASN,Low
724,NA19082,0.024887,ASN,Low
725,NA19083,0.061086,ASN,Low
726,NA19084,0.104827,ASN,Low
727,NA19085,0.073152,ASN,Low
728,NA19087,0.053544,ASN,Low
729,NA19088,0.092006,ASN,Low
730,NA19093,0.057315,AFR,Low
731,NA19095,0.072398,AFR,Low
732,NA19096,0.060332,AFR,Low
733,NA19098,0.061086,AFR,Low
734,NA19099,0.064857,AFR,Low
735,NA19102,0.070890,AFR,Low
736,NA19107,0.083710,AFR,Low
737,NA19108,0.064103,AFR,Low
738,NA19113,0.080694,AFR,Low
739,NA19114,0.056561,AFR,Low
740,NA19116,0.039216,AFR,Low
741,NA19117,0.034691,AFR,Low
742,NA19118,0.047511,AFR,Low
743,NA19119,0.060332,AFR,Low
744,NA19121,0.107089,AFR,Low
745,NA19129,0.070890,AFR,Low
746,NA19130,0.088235,AFR,Low
747,NA19131,0.063348,AFR,Low
748,NA19137,0.049020,AFR,Low
749,NA19138,0.082956,AFR,Low
750,NA19146,0.032428,AFR,Low
751,NA19147,0.040724,AFR,Low
752,NA19149,0.081448,AFR,Low
753,NA19150,0.076169,AFR,Low
754,NA19152,0.088235,AFR,Low
755,NA19160,0.088235,AFR,Low
756,NA19171,0.092006,AFR,Low
757,NA19172,0.082202,AFR,Low
758,NA19175,0.017345,AFR,Low
759,NA19185,0.076169,AFR,Low
760,NA19189,0.087481,AFR,Low
761,NA19190,0.086727,AFR,Low
762,NA19197,0.076923,AFR,Low
763,NA19198,0.030920,AFR,Low
764,NA19200,0.059578,AFR,Low
765,NA19204,0.056561,AFR,Low
766,NA19207,0.078431,AFR,Low
767,NA19209,0.084465,AFR,Low
768,NA19213,0.095777,AFR,Low
769,NA19222,0.058824,AFR,Low
770,NA19223,0.073906,AFR,Low
771,NA19225,0.037707,AFR,Low
772,NA19235,0.055807,AFR,Low
773,NA19236,0.089744,AFR,Low
774,NA19247,0.102564,AFR,Low
775,NA19248,0.025641,AFR,Low
776,NA19256,0.041478,AFR,Low
777,NA19257,0.085973,AFR,Low
778,NA19307,0.033183,AFR,Low
779,NA19308,0.061840,AFR,Low
780,NA19309,0.049774,AFR,Low
781,NA19310,0.061840,AFR,Low
782,NA19311,0.064103,AFR,Low
783,NA19312,0.079186,AFR,Low
784,NA19313,0.073152,AFR,Low
785,NA19315,0.083710,AFR,Low
786,NA19316,0.086727,AFR,Low
787,NA19317,0.051282,AFR,Low
788,NA19318,0.042232,AFR,Low
789,NA19319,0.059578,AFR,Low
790,NA19321,0.058824,AFR,Low
791,NA19324,0.088235,AFR,Low
792,NA19327,0.053544,AFR,Low
793,NA19328,0.092760,AFR,Low
794,NA19331,0.053544,AFR,Low
795,NA19332,0.082202,AFR,Low
796,NA19334,0.059578,AFR,Low
797,NA19338,0.070890,AFR,Low
798,NA19346,0.069382,AFR,Low
799,NA19347,0.090498,AFR,Low
800,NA19350,0.064103,AFR,Low
801,NA19351,0.076169,AFR,Low
802,NA19352,0.088989,AFR,Low
803,NA19355,0.088989,AFR,Low
804,NA19359,0.075415,AFR,Low
805,NA19360,0.073906,AFR,Low
806,NA19371,0.069382,AFR,Low
807,NA19372,0.082956,AFR,Low
808,NA19373,0.027903,AFR,Low
809,NA19374,0.047511,AFR,Low
810,NA19375,0.090498,AFR,Low
811,NA19376,0.069382,AFR,Low
812,NA19377,0.092006,AFR,Low
813,NA19379,0.067119,AFR,Low
814,NA19380,0.096531,AFR,Low
815,NA19381,0.053544,AFR,Low
816,NA19382,0.069382,AFR,Low
817,NA19383,0.057315,AFR,Low
818,NA19384,0.071644,AFR,Low
819,NA19385,0.067873,AFR,Low
820,NA19390,0.081448,AFR,Low
821,NA19391,0.070890,AFR,Low
822,NA19393,0.076923,AFR,Low
823,NA19394,0.077677,AFR,Low
824,NA19395,0.071644,AFR,Low
825,NA19396,0.067119,AFR,Low
826,NA19397,0.067873,AFR,Low
827,NA19398,0.082202,AFR,Low
828,NA19399,0.031674,AFR,Low
829,NA19401,0.098793,AFR,Low
830,NA19403,0.073906,AFR,Low
831,NA19404,0.085219,AFR,Low
832,NA19428,0.070136,AFR,Low
833,NA19429,0.096531,AFR,Low
834,NA19430,0.061086,AFR,Low
835,NA19431,0.069382,AFR,Low
836,NA19434,0.079186,AFR,Low
837,NA19435,0.052036,AFR,Low
838,NA19436,0.076923,AFR,Low
839,NA19437,0.092006,AFR,Low
840,NA19438,0.061840,AFR,Low
841,NA19439,0.075415,AFR,Low
842,NA19440,0.098793,AFR,Low
843,NA19443,0.086727,AFR,Low
844,NA19444,0.058824,AFR,Low
845,NA19445,0.099548,AFR,Low
846,NA19446,0.077677,AFR,Low
847,NA19448,0.050528,AFR,Low
848,NA19449,0.056561,AFR,Low
849,NA19451,0.052036,AFR,Low
850,NA19452,0.055807,AFR,Low
851,NA19453,0.101056,AFR,Low
852,NA19455,0.088989,AFR,Low
853,NA19456,0.085219,AFR,Low
854,NA19457,0.081448,AFR,Low
855,NA19461,0.079186,AFR,Low
856,NA19462,0.048265,AFR,Low
857,NA19463,0.084465,AFR,Low
858,NA19466,0.052036,AFR,Low
859,NA19467,0.057315,AFR,Low
860,NA19468,0.105581,AFR,Low
861,NA19469,0.069382,AFR,Low
862,NA19470,0.082956,AFR,Low
863,NA19471,0.069382,AFR,Low
864,NA19472,0.032428,AFR,Low
865,NA19473,0.088989,AFR,Low
866,NA19474,0.068627,AFR,Low
867,NA19625,0.062594,AFR,Low
868,NA19648,0.060332,AMR,High
869,NA19651,0.063348,AMR,High
870,NA19652,0.091252,AMR,High
871,NA19654,0.068627,AMR,High
872,NA19655,0.049774,AMR,High
873,NA19657,0.063348,AMR,High
874,NA19660,0.107089,AMR,High
875,NA19661,0.031674,AMR,High
876,NA19663,0.039216,AMR,High
877,NA19664,0.076923,AMR,High
878,NA19672,0.089744,AMR,High
879,NA19675,0.043741,AMR,High
880,NA19676,0.043741,AMR,High
881,NA19678,0.015083,AMR,High
882,NA19679,0.085219,AMR,High
883,NA19681,0.103318,AMR,High
884,NA19682,0.076923,AMR,High
885,NA19684,0.083710,AMR,High
886,NA19685,0.061840,AMR,High
887,NA19700,0.079940,AFR,Low
888,NA19701,0.036199,AFR,Low
889,NA19703,0.054299,AFR,Low
890,NA19704,0.030166,AFR,Low
891,NA19707,0.081448,AFR,Low
892,NA19711,0.054299,AFR,Low
893,NA19712,0.076923,AFR,Low
894,NA19713,0.095777,AFR,Low
895,NA19716,0.042986,AMR,High
896,NA19717,0.021870,AMR,High
897,NA19719,0.052790,AMR,High
898,NA19720,0.047511,AMR,High
899,NA19722,0.060332,AMR,High
900,NA19723,0.019608,AMR,High
901,NA19725,0.041478,AMR,High
902,NA19726,0.052790,AMR,High
903,NA19728,0.068627,AMR,High
904,NA19729,0.063348,AMR,High
905,NA19731,0.021116,AMR,High
906,NA19732,0.013575,AMR,High
907,NA19734,0.070890,AMR,High
908,NA19735,0.061840,AMR,High
909,NA19737,0.075415,AMR,High
910,NA19738,0.045249,AMR,High
911,NA19740,0.036199,AMR,High
912,NA19741,0.011312,AMR,High
913,NA19746,0.015837,AMR,High
914,NA19747,0.032428,AMR,High
915,NA19749,0.036199,AMR,High
916,NA19750,0.073152,AMR,High
917,NA19752,0.030920,AMR,High
918,NA19753,0.066365,AMR,High
919,NA19755,0.015837,AMR,High
920,NA19756,0.046003,AMR,High
921,NA19758,0.071644,AMR,High
922,NA19759,0.058824,AMR,High
923,NA19761,0.102564,AMR,High
924,NA19762,0.058069,AMR,High
925,NA19764,0.054299,AMR,High
926,NA19770,0.058069,AMR,High
927,NA19771,0.090498,AMR,High
928,NA19773,0.064103,AMR,High
929,NA19774,0.012066,AMR,High
930,NA19776,0.050528,AMR,High
931,NA19777,0.079940,AMR,High
932,NA19779,0.077677,AMR,High
933,NA19780,0.066365,AMR,High
934,NA19782,0.012821,AMR,High
935,NA19783,0.032428,AMR,High
936,NA19785,0.061840,AMR,High
937,NA19786,0.042986,AMR,High
938,NA19788,0.042232,AMR,High
939,NA19789,0.076923,AMR,High
940,NA19794,0.107089,AMR,High
941,NA19795,0.061840,AMR,High
942,NA19818,0.089744,AFR,Low
943,NA19819,0.088235,AFR,Low
944,NA19834,0.048265,AFR,Low
945,NA19835,0.095023,AFR,Low
946,NA19900,0.084465,AFR,Low
947,NA19901,0.081448,AFR,Low
948,NA19904,0.081448,AFR,Low
949,NA19908,0.068627,AFR,Low
950,NA19909,0.070890,AFR,Low
951,NA19914,0.054299,AFR,Low
952,NA19916,0.073152,AFR,Low
953,NA19917,0.068627,AFR,Low
954,NA19920,0.060332,AFR,Low
955,NA19921,0.079186,AFR,Low
956,NA19922,0.092006,AFR,Low
957,NA19923,0.085219,AFR,Low
958,NA19982,0.064857,AFR,Low
959,NA19984,0.083710,AFR,Low
960,NA19985,0.095023,AFR,Low
961,NA20126,0.064103,AFR,Low
962,NA20127,0.078431,AFR,Low
963,NA20276,0.030166,AFR,Low
964,NA20278,0.060332,AFR,Low
965,NA20281,0.040724,AFR,Low
966,NA20282,0.046757,AFR,Low
967,NA20287,0.054299,AFR,Low
968,NA20289,0.070890,AFR,Low
969,NA20291,0.084465,AFR,Low
970,NA20294,0.080694,AFR,Low
971,NA20296,0.101056,AFR,Low
972,NA20298,0.073906,AFR,Low
973,NA20299,0.049020,AFR,Low
974,NA20314,0.050528,AFR,Low
975,NA20317,0.076923,AFR,Low
976,NA20322,0.062594,AFR,Low
977,NA20332,0.070890,AFR,Low
978,NA20334,0.107843,AFR,Low
979,NA20336,0.071644,AFR,Low
980,NA20339,0.070136,AFR,Low
981,NA20340,0.067119,AFR,Low
982,NA20341,0.095777,AFR,Low
983,NA20342,0.089744,AFR,Low
984,NA20344,0.092006,AFR,Low
985,NA20346,0.104827,AFR,Low
986,NA20348,0.038462,AFR,Low
987,NA20351,0.090498,AFR,Low
988,NA20356,0.056561,AFR,Low
989,NA20357,0.079940,AFR,Low
990,NA20359,0.092760,AFR,Low
991,NA20363,0.079940,AFR,Low
992,NA20412,0.065611,AFR,Low
993,NA20414,0.012066,AFR,Low
994,NA20502,0.102564,EUR,High
995,NA20503,0.052790,EUR,High
996,NA20504,0.078431,EUR,High
997,NA20505,0.072398,EUR,High
998,NA20506,0.086727,EUR,High
999,NA20507,0.082202,EUR,High
1000,NA20508,0.084465,EUR,High
1001,NA20509,0.041478,EUR,High
1002,NA20510,0.079186,EUR,High
1003,NA20512,0.060332,EUR,High
1004,NA20513,0.058824,EUR,High
1005,NA20515,0.037707,EUR,High
1006,NA20516,0.061086,EUR,High
1007,NA20517,0.053544,EUR,High
1008,NA20518,0.043741,EUR,High
1009,NA20519,0.076169,EUR,High
1010,NA20520,0.048265,EUR,High
1011,NA20521,0.064103,EUR,High
1012,NA20522,0.082956,EUR,High
1013,NA20524,0.088989,EUR,High
1014,NA20525,0.061086,EUR,High
1015,NA20527,0.076169,EUR,High
1016,NA20528,0.067873,EUR,High
1017,NA20529,0.061840,EUR,High
1018,NA20530,0.013575,EUR,High
1019,NA20531,0.096531,EUR,High
1020,NA20532,0.070136,EUR,High
1021,NA20533,0.061086,EUR,High
1022,NA20534,0.085973,EUR,High
1023,NA20535,0.079186,EUR,High
1024,NA20536,0.079940,EUR,High
1025,NA20537,0.082956,EUR,High
1026,NA20538,0.086727,EUR,High
1027,NA20539,0.065611,EUR,High
1028,NA20540,0.049774,EUR,High
1029,NA20541,0.106335,EUR,High
1030,NA20542,0.090498,EUR,High
1031,NA20543,0.076923,EUR,High
1032,NA20544,0.081448,EUR,High
1033,NA20581,0.090498,EUR,High
1034,NA20582,0.088989,EUR,High
1035,NA20585,0.075415,EUR,High
1036,NA20586,0.058824,EUR,High
1037,NA20588,0.092006,EUR,High
1038,NA20589,0.086727,EUR,High
1039,NA20752,0.088989,EUR,High
1040,NA20753,0.051282,EUR,High
1041,NA20754,0.088989,EUR,High
1042,NA20755,0.078431,EUR,High
1043,NA20756,0.094268,EUR,High
1044,NA20757,0.073906,EUR,High
1045,NA20758,0.061086,EUR,High
1046,NA20759,0.069382,EUR,High
1047,NA20760,0.076169,EUR,High
1048,NA20761,0.053544,EUR,High
1049,NA20765,0.095777,EUR,High
1050,NA20766,0.060332,EUR,High
1051,NA20768,0.092760,EUR,High
1052,NA20769,0.097285,EUR,High
1053,NA20770,0.058824,EUR,High
1054,NA20771,0.052036,EUR,High
1055,NA20772,0.064103,EUR,High
1056,NA20773,0.085219,EUR,High
1057,NA20774,0.049774,EUR,High
1058,NA20775,0.055053,EUR,High
1059,NA20778,0.053544,EUR,High
1060,NA20783,0.052790,EUR,High
1061,NA20785,0.059578,EUR,High
1062,NA20786,0.077677,EUR,High
1063,NA20787,0.047511,EUR,High
1064,NA20790,0.067873,EUR,High
1065,NA20792,0.082202,EUR,High
1066,NA20795,0.100302,EUR,High
1067,NA20796,0.085973,EUR,High
1068,NA20797,0.049774,EUR,High
1069,NA20798,0.112368,EUR,High
1070,NA20799,0.088235,EUR,High
1071,NA20800,0.106335,EUR,High
1072,NA20801,0.061840,EUR,High
1073,NA20802,0.047511,EUR,High
1074,NA20803,0.089744,EUR,High
1075,NA20804,0.036953,EUR,High
1076,NA20805,0.092760,EUR,High
1077,NA20806,0.058824,EUR,High
1078,NA20807,0.116139,EUR,High
1079,NA20808,0.091252,EUR,High
1080,NA20809,0.079940,EUR,High
1081,NA20810,0.067873,EUR,High
1082,NA20811,0.081448,EUR,High
1083,NA20812,0.038462,EUR,High
1084,NA20813,0.082202,EUR,High
1085,NA20814,0.079940,EUR,High
1086,NA20815,0.039216,EUR,High
1087,NA20816,0.100302,EUR,High
1088,NA20818,0.079940,EUR,High
1089,NA20819,0.055807,EUR,High
1090,NA20826,0.100302,EUR,High
1091,NA20828,0.098039,EUR,High
